{
    "audio": {
        "weights": [
            0.2056262046098709,
            0.19618995487689972,
            0.17064909636974335,
            0.09501679986715317,
            0.10558680444955826,
            0.11107932031154633,
            0.11585183441638947
        ],
        "layer_norm": [
            0.5510238409042358,
            0.5528493523597717,
            0.5584929585456848,
            0.5681329965591431,
            0.5799264907836914,
            0.5935952067375183,
            0.6099620461463928
        ],
        "norm_weights": [
            0.11330494105469135,
            0.10846348949318685,
            0.09530631870468564,
            0.053982179231986116,
            0.061232584977496174,
            0.06593615210459536,
            0.07066522197043401
        ]
    },
    "video": {
        "weights": [
            0.23874923586845398,
            0.22116431593894958,
            0.16486631333827972,
            0.07892069965600967,
            0.09251666814088821,
            0.0991692841053009,
            0.10461357980966568
        ],
        "layer_norm": [
            0.559198260307312,
            0.5612285733222961,
            0.5667628645896912,
            0.5760560631752014,
            0.5900552272796631,
            0.6069695353507996,
            0.6254493594169617
        ],
        "norm_weights": [
            0.13350815734733956,
            0.12412373350421824,
            0.09344010402194503,
            0.045462747546873405,
            0.05458994364702896,
            0.06019273429446592,
            0.0654304964782706
        ]
    },
    "fusion": {
        "weights": [
            0.29552897810935974,
            0.28712618350982666,
            0.16163207590579987,
            0.06109064817428589,
            0.06411198526620865,
            0.06502152979373932,
            0.06548863649368286
        ],
        "layer_norm": [
            0.4577249586582184,
            0.47273287177085876,
            0.49286991357803345,
            0.5179978609085083,
            0.5444018244743347,
            0.5699538588523865,
            0.5945392847061157
        ],
        "norm_weights": [
            0.1352709892874122,
            0.13573398529120695,
            0.07966358728312972,
            0.03164482507579436,
            0.034902681749595654,
            0.03705927181442714,
            0.038935567097333035
        ]
    }
}