{
    "audio": {},
    "video": {},
    "fusion": {
        "weights": [
            0.048615712672472,
            0.0933169424533844,
            0.14111369848251343,
            0.20857729017734528,
            0.1798468381166458,
            0.07817085832357407,
            0.039924148470163345,
            0.02022726647555828,
            0.010102472268044949,
            0.008345279842615128,
            0.007110565435141325,
            0.005898256786167622,
            0.15875066816806793
        ],
        "layer_norm": [
            0.6238402128219604,
            0.7288475036621094,
            0.987656831741333,
            1.2457716464996338,
            1.5393620729446411,
            1.870985507965088,
            2.378275156021118,
            2.8246729373931885,
            3.536526679992676,
            4.614098072052002,
            5.784941673278809,
            8.34216022491455,
            0.18328426778316498
        ],
        "norm_weights": [
            0.030328436540086212,
            0.06801382055652994,
            0.13937190835854096,
            0.2598396742066633,
            0.2768494015357792,
            0.14625654306859914,
            0.09495061043188802,
            0.057135412210949976,
            0.03572766270982708,
            0.038505939632544894,
            0.041134206306324916,
            0.04920420315789986,
            0.029096499975272527
        ]
    }
}