{
    "audio": {},
    "video": {},
    "fusion": {
        "weights": [
            0.09787003695964813,
            0.1004127636551857,
            0.08399040997028351,
            0.10672302544116974,
            0.0809914618730545,
            0.08710042387247086,
            0.03655151650309563,
            0.03417237475514412,
            0.02464783936738968,
            0.020165586844086647,
            0.015763701871037483,
            0.010074800811707973,
            0.30153608322143555
        ],
        "layer_norm": [
            0.4134811758995056,
            0.6035310626029968,
            0.884258508682251,
            1.155346393585205,
            1.419828176498413,
            1.6796661615371704,
            2.003413200378418,
            2.34683895111084,
            2.745122194290161,
            3.264216661453247,
            4.014278411865234,
            5.7469282150268555,
            0.23036164045333862
        ],
        "norm_weights": [
            0.040467417967403385,
            0.060602221947717805,
            0.07426923466393376,
            0.12330206255595755,
            0.11499395962315972,
            0.14629963463413365,
            0.07322779065615137,
            0.08019706012732897,
            0.06766133088872017,
            0.06582484456445004,
            0.06327988811198537,
            0.05789915704558002,
            0.06946234678676433
        ]
    }
}