{
    "audio": {},
    "video": {},
    "fusion": {
        "weights": [
            0.17401279509067535,
            0.10006889700889587,
            0.07416421175003052,
            0.04352713003754616,
            0.03570018336176872,
            0.02247057668864727,
            0.01745416782796383,
            0.012260880321264267,
            0.009991857223212719,
            0.007552596740424633,
            0.006659526843577623,
            0.005070169921964407,
            0.4910670816898346
        ],
        "layer_norm": [
            0.4878860116004944,
            0.791516125202179,
            1.1099112033843994,
            1.425205945968628,
            1.582366704940796,
            1.749456763267517,
            1.9676133394241333,
            2.1969826221466064,
            2.547969341278076,
            3.1606786251068115,
            4.289394378662109,
            7.524035453796387,
            0.15813834965229034
        ],
        "norm_weights": [
            0.08489840856424369,
            0.07920614561373718,
            0.08231568951153179,
            0.06203512454046045,
            0.0564907815119442,
            0.039311302362475375,
            0.03434305344684918,
            0.026936940998036896,
            0.0254589458671739,
            0.023871331081511515,
            0.028565337007391278,
            0.03814813824963226,
            0.07765653786699689
        ]
    }
}