{
    "audio": {},
    "video": {},
    "fusion": {
        "weights": [
            0.08302373439073563,
            0.14607006311416626,
            0.15272901952266693,
            0.07061599940061569,
            0.053111009299755096,
            0.026679785922169685,
            0.015949325636029243,
            0.008688507601618767,
            0.007006623316556215,
            0.006815996021032333,
            0.006240785121917725,
            0.0058721089735627174,
            0.417197048664093
        ],
        "layer_norm": [
            1.0898089408874512,
            1.3182871341705322,
            1.629834532737732,
            1.9797472953796387,
            2.1726598739624023,
            2.478616237640381,
            2.8027544021606445,
            3.1924362182617188,
            3.8206827640533447,
            4.805410861968994,
            6.1383161544799805,
            9.177742004394531,
            0.11473067849874496
        ],
        "norm_weights": [
            0.09048000804488865,
            0.192562284890883,
            0.2489230301692178,
            0.1398018338238991,
            0.11539215877122189,
            0.06612895060345902,
            0.044702042637874584,
            0.027737506350050012,
            0.026770084939780614,
            0.03275366131460622,
            0.03830791213050588,
            0.05389270118104861,
            0.04786530046090531
        ]
    }
}