{
    "audio": {},
    "video": {},
    "fusion": {
        "weights": [
            0.05144123360514641,
            0.04381990805268288,
            0.03543810546398163,
            0.022959239780902863,
            0.02546231634914875,
            0.01673807017505169,
            0.011827215552330017,
            0.007561780046671629,
            0.00620524724945426,
            0.006198182236403227,
            0.005312609486281872,
            0.003868936561048031,
            0.7631670832633972
        ],
        "layer_norm": [
            1.4536480903625488,
            1.6934974193572998,
            2.0445780754089355,
            2.4044880867004395,
            2.59515643119812,
            2.8794562816619873,
            3.1890623569488525,
            3.5492453575134277,
            4.112252712249756,
            5.084383010864258,
            6.464025974273682,
            9.512194633483887,
            0.11022239923477173
        ],
        "norm_weights": [
            0.07477745099601485,
            0.07420890120369261,
            0.07245597346568644,
            0.05520521853287974,
            0.06607869402669442,
            0.048196541308451746,
            0.03771772790545569,
            0.02683861272518695,
            0.025517544831748618,
            0.0315139324610092,
            0.03434084571049878,
            0.03680207759329068,
            0.08411810693429445
        ]
    }
}