{
    "audio": {},
    "video": {},
    "fusion": {
        "weights": [
            0.1242341697216034,
            0.15612322092056274,
            0.11310147494077682,
            0.11324254423379898,
            0.08447262644767761,
            0.0815475806593895,
            0.034780699759721756,
            0.027770139276981354,
            0.020464183762669563,
            0.017893321812152863,
            0.01533542387187481,
            0.010734559036791325,
            0.20029997825622559
        ],
        "layer_norm": [
            0.42318084836006165,
            0.6232710480690002,
            0.900593101978302,
            1.1708922386169434,
            1.4245045185089111,
            1.684917688369751,
            2.007744312286377,
            2.36189603805542,
            2.7677767276763916,
            3.2931759357452393,
            4.038559436798096,
            5.681162357330322,
            0.2312227487564087
        ],
        "norm_weights": [
            0.05257352133809601,
            0.0973070835310672,
            0.10185840815523539,
            0.13259481612459112,
            0.12033163806503211,
            0.13740096109676436,
            0.06983075211992151,
            0.06559018193454946,
            0.05664029156920991,
            0.0589258568023272,
            0.0619330207950588,
            0.060984772722358915,
            0.04631391154825337
        ]
    }
}