{
    "audio": {
        "weights": [
            0.01803450658917427,
            0.035055965185165405,
            0.3383365571498871,
            0.23819087445735931,
            0.058475762605667114,
            0.01705537736415863,
            0.01539725624024868,
            0.015305501408874989,
            0.020692629739642143,
            0.024929512292146683,
            0.05139148235321045,
            0.049353111535310745,
            0.11778143048286438
        ],
        "layer_norm": [
            0.09464401751756668,
            0.09992168098688126,
            0.10212363302707672,
            0.1007218062877655,
            0.09566788375377655,
            0.09354369342327118,
            0.09342092275619507,
            0.0929410308599472,
            0.09468923509120941,
            0.10076156258583069,
            0.10727644711732864,
            0.11687393486499786,
            0.13749510049819946
        ],
        "norm_weights": [
            0.0017068581575464814,
            0.0035028509699193133,
            0.03455215840201964,
            0.023991015116607617,
            0.005594252459372395,
            0.0015954229913710538,
            0.0014384258858776144,
            0.0014225090787692157,
            0.0019593692820723263,
            0.0025119366130593734,
            0.005513095638945309,
            0.005768092342962883,
            0.01619436962106313
        ]
    },
    "video": {},
    "fusion": {}
}