{
    "audio": {
        "weights": [
            0.5044054985046387,
            0.026587335392832756,
            0.022908609360456467,
            0.01973997801542282,
            0.01730376109480858,
            0.014351028017699718,
            0.016199830919504166,
            0.016340890899300575,
            0.04192012920975685,
            0.05512333661317825,
            0.10262894630432129,
            0.1251140832901001,
            0.03737669810652733
        ],
        "layer_norm": [
            0.4606457054615021,
            1.2872917652130127,
            1.331676959991455,
            1.4766838550567627,
            1.7121734619140625,
            1.9027546644210815,
            2.2627410888671875,
            2.5035691261291504,
            2.6639063358306885,
            2.7728559970855713,
            2.6937243938446045,
            2.677825927734375,
            4.8614420890808105
        ],
        "norm_weights": [
            0.2323522266973299,
            0.03422565791015009,
            0.03050686727076446,
            0.029149706834550315,
            0.029627040537832272,
            0.027306485499915767,
            0.03665602305426319,
            0.04091054994893373,
            0.11167129780071239,
            0.15284907450721796,
            0.2764540961745183,
            0.33503373615894816,
            0.181704653325939
        ]
    },
    "video": {
        "weights": [
            0.06922294944524765,
            0.06827991455793381,
            0.0675581693649292,
            0.06702315807342529,
            0.06645461916923523,
            0.06638211756944656,
            0.0666596069931984,
            0.06683555245399475,
            0.06778720766305923,
            0.06933832168579102,
            0.07284596562385559,
            0.11535769701004028,
            0.13625475764274597
        ],
        "layer_norm": [
            2.9061026573181152,
            3.452392816543579,
            3.1930534839630127,
            3.121002197265625,
            3.123511552810669,
            3.224459409713745,
            3.3064756393432617,
            3.363103151321411,
            3.5476198196411133,
            3.630540609359741,
            3.7678048610687256,
            4.005863666534424,
            7.951900005340576
        ],
        "norm_weights": [
            0.20116899733023175,
            0.23572908653402003,
            0.21571684806085045,
            0.20917942361484165,
            0.20757177071273958,
            0.2140464436335261,
            0.22040836665120622,
            0.22477485707833722,
            0.2404832414235969,
            0.2517355926651135,
            0.2744693833868084,
            0.4621072071076071,
            1.0834842080270306
        ]
    },
    "fusion": {
        "weights": [
            0.30549362301826477,
            0.40359020233154297,
            0.2909161150455475
        ],
        "layer_norm": [
            6.406671047210693,
            6.74083948135376,
            7.350635051727295
        ],
        "norm_weights": [
            1.9571971496986151,
            2.720536770164017,
            2.1384181923661316
        ]
    }
}