{
    "audio": {
        "weights": [
            0.5721491575241089,
            0.034649357199668884,
            0.02789732813835144,
            0.025376981124281883,
            0.024063408374786377,
            0.021853309124708176,
            0.0260225310921669,
            0.028499526903033257,
            0.03439902514219284,
            0.04287165030837059,
            0.04964649677276611,
            0.05521635338664055,
            0.05735490471124649
        ],
        "layer_norm": [
            0.46048054099082947,
            1.228121042251587,
            1.2601759433746338,
            1.379697561264038,
            1.5687379837036133,
            1.7263036966323853,
            2.0327720642089844,
            2.3066492080688477,
            2.5977718830108643,
            2.9057304859161377,
            3.176076889038086,
            3.5979063510894775,
            4.857876777648926
        ],
        "norm_weights": [
            0.26346355358414897,
            0.04255360467740488,
            0.03515554180437874,
            0.03501255896941524,
            0.03774918273489902,
            0.03772544832563396,
            0.05289787424416659,
            0.06573841116121848,
            0.08936082031737236,
            0.12457346128256841,
            0.15768109102168637,
            0.198663268533795,
            0.2786230596810313
        ]
    },
    "video": {
        "weights": [
            0.06670916080474854,
            0.06544825434684753,
            0.06456417590379715,
            0.0637832060456276,
            0.06354747712612152,
            0.06368580460548401,
            0.06363308429718018,
            0.06355505436658859,
            0.06337732076644897,
            0.06318196654319763,
            0.08286530524492264,
            0.1325521022081375,
            0.1430971324443817
        ],
        "layer_norm": [
            2.6945910453796387,
            3.2136714458465576,
            2.9227168560028076,
            2.8447108268737793,
            2.8415589332580566,
            2.9290528297424316,
            2.976978063583374,
            3.005490779876709,
            3.1568801403045654,
            3.246735095977783,
            3.4573771953582764,
            3.880084753036499,
            5.47933292388916
        ],
        "norm_weights": [
            0.17975390734926577,
            0.21032918617496676,
            0.18870280520795824,
            0.1814447768107179,
            0.18057390131374262,
            0.18653908619411652,
            0.18943429607085704,
            0.191014129913345,
            0.2000746052733149,
            0.20513510820869385,
            0.2864966166401981,
            0.51431339076073,
            0.7840768291166285
        ]
    },
    "fusion": {
        "weights": [
            0.2281898558139801,
            0.2567703127861023,
            0.272912859916687,
            0.2421269714832306
        ],
        "layer_norm": [
            5.168604850769043,
            5.617894172668457,
            5.618345737457275,
            0.9343249797821045
        ],
        "norm_weights": [
            1.179423195656426,
            1.442508443915301,
            1.533318803210193,
            0.2262252777357716
        ]
    }
}